create database superstoresystem;
use superstoresystem;
CREATE TABLE Products (
    ProductID INT PRIMARY KEY,
    ProductName VARCHAR(255),
    CategoryID INT,
    SupplierID INT,
    UnitPrice DECIMAL(10, 2),
    QuantityInStock INT,
    FOREIGN KEY (CategoryID) REFERENCES Categories(CategoryID),
    FOREIGN KEY (SupplierID) REFERENCES Suppliers(SupplierID)
);
CREATE TABLE Categories (
    CategoryID INT PRIMARY KEY,
    CategoryName VARCHAR(255),
    Description TEXT
);
CREATE TABLE Suppliers (
    SupplierID INT PRIMARY KEY,
    SupplierName VARCHAR(255),
    ContactNumber VARCHAR(20),
    Address VARCHAR(255)
);
CREATE TABLE Customers (
    CustomerID INT PRIMARY KEY,
    CustomerName VARCHAR(255),
    ContactNumber VARCHAR(20),
    Email VARCHAR(255),
    Address VARCHAR(255)
);
CREATE TABLE Orders (
    OrderID INT PRIMARY KEY,
    CustomerID INT,
    OrderDate DATE,
    TotalAmount DECIMAL(10, 2),
    FOREIGN KEY (CustomerID) REFERENCES Customers(CustomerID)
);
CREATE TABLE Suppliers (
    SupplierID INT PRIMARY KEY,
    SupplierName VARCHAR(255),
    ContactNumber VARCHAR(20),
    Address VARCHAR(255)
);
INSERT INTO Products (ProductID, ProductName, CategoryID, SupplierID, UnitPrice, QuantityInStock) VALUES
(1, 'T-shirt', 1, 1, 15.99, 100),
(2, 'Jeans', 1, 2, 29.99, 50),
(3, 'Sneakers', 2, 1, 49.99, 30),
(4, 'Backpack', 3, 3, 39.99, 20),
(5, 'Dress', 1, 1, 39.99, 70),
(6, 'Sandals', 2, 2, 19.99, 40),
(7, 'Hat', 3, 3, 9.99, 100),
(8, 'Skirt', 1, 1, 24.99, 60),
(9, 'Running Shoes', 2, 2, 59.99, 25),
(10, 'Belt', 3, 3, 14.99, 80),
(11, 'Polo Shirt', 1, 1, 29.99, 45),
(12, 'Boots', 2, 2, 79.99, 15),
(13, 'Jacket', 3, 3, 69.99, 30),
(14, 'Blouse', 1, 1, 34.99, 55),
(15, 'Flip Flops', 2, 2, 9.99, 90),
(16, 'Cap', 3, 3, 7.99, 120),
(17, 'Suit', 1, 1, 149.99, 20),
(18, 'Heels', 2, 2, 69.99, 10),
(19, 'Scarf', 3, 3, 19.99, 60),
(20, 'Sweater', 1, 1, 44.99, 35),
(21, 'Boat Shoes', 2, 2, 54.99, 20),
(22, 'Gloves', 3, 3, 12.99, 75),
(23, 'Shorts', 1, 1, 19.99, 85),
(24, 'Loafers', 2, 2, 64.99, 15),
(25, 'Tie', 3, 3, 17.99, 50),
(26, 'Pajamas', 1, 1, 29.99, 40),
(27, 'Athletic Shorts', 2, 2, 39.99, 25),
(28, 'Wallet', 3, 3, 24.99, 70),
(29, 'Blazer', 1, 1, 89.99, 15),
(30, 'Espadrilles', 2, 2, 34.99, 30),
(31, 'Watch', 3, 3, 129.99, 10),
(32, 'Pants', 1, 1, 34.99, 50),
(33, 'Slippers', 2, 2, 19.99, 40),
(34, 'Necklace', 3, 3, 39.99, 25),
(35, 'Shirt', 1, 1, 24.99, 65),
(36, 'Boots', 2, 2, 89.99, 15),
(37, 'Earrings', 3, 3, 14.99, 55),
(38, 'Dress Shirt', 1, 1, 39.99, 45),
(39, 'Sneakers', 2, 2, 49.99, 30),
(40, 'Bracelet', 3, 3, 19.99, 80),
(41, 'Hoodie', 1, 1, 54.99, 25),
(42, 'Sandals', 2, 2, 29.99, 40),
(43, 'Ring', 3, 3, 29.99, 35),
(44, 'Coat', 1, 1, 99.99, 15),
(45, 'Slip-ons', 2, 2, 44.99, 20),
(46, 'Anklet', 3, 3, 9.99, 95),
(47, 'Polo Shirt', 1, 1, 34.99, 30),
(48, 'Loafers', 2, 2, 74.99, 15),
(49, 'Keychain', 3, 3, 4.99, 150),
(50, 'Sweatshirt', 1, 1, 49.99, 30),
(51, 'Heels', 2, 2, 69.99, 10),
(52, 'Brooch', 3, 3, 24.99, 60),
(53, 'Jumpsuit', 1, 1, 64.99, 20),
(54, 'Boat Shoes', 2, 2, 49.99, 25),
(55, 'Scarf', 3, 3, 14.99, 75),
(56, 'Vest', 1, 1, 39.99, 35),
(57, 'Flats', 2, 2, 34.99, 30),
(58, 'Cufflinks', 3, 3, 19.99, 40),
(59, 'Tank Top', 1, 1, 14.99, 70),
(60, 'Espadrilles', 2, 2, 29.99, 45),
(61, 'Hair Clip', 3, 3, 2.99, 200),
(62, 'Denim Jacket', 1, 1, 79.99, 15),
(63, 'Slides', 2, 2, 24.99, 50),
(64, 'Headband', 3, 3, 7.99, 120),
(65, 'Dress Pants', 1, 1, 44.99, 30),
(66, 'Athletic Shoes', 2, 2, 64.99, 20),
(67, 'Bracelet', 3, 3, 19.99, 60),
(68, 'Crop Top', 1, 1, 19.99, 80),
(69, 'Boots', 2, 2, 69.99, 10),
(70, 'Anklet', 3, 3, 9.99, 100),
(71, 'Shorts', 1, 1, 24.99, 60),
(72, 'Slippers', 2, 2, 14.99, 40),
(73, 'Ring', 3, 3, 29.99, 35),
(74, 'Blouse', 1, 1, 34.99, 55),
(75, 'Sneakers', 2, 2, 49.99, 30),
(76, 'Earrings', 3, 3, 14.99, 55),
(77, 'Dress Shirt', 1, 1, 39.99, 45),
(78, 'Boots', 2, 2, 79.99, 15),
(79, 'Scarf', 3, 3, 19.99, 60),
(80, 'Hoodie', 1, 1, 54.99, 25),
(81, 'Sandals', 2, 2, 29.99, 40),
(82, 'Bracelet', 3, 3, 19.99, 80),
(83, 'Sweater', 1, 1, 44.99, 35),
(84, 'Heels', 2, 2, 69.99, 10),
(85, 'Necklace', 3, 3, 39.99, 25),
(86, 'Shirt', 1, 1, 24.99, 65),
(87, 'Boots', 2, 2, 89.99, 15),
(88, 'Earrings', 3, 3, 14.99, 55),
(89, 'Dress Shirt', 1, 1, 39.99, 45),
(90, 'Sneakers', 2, 2, 49.99, 30),
(91, 'Bracelet', 3, 3, 19.99, 80),
(92, 'Hoodie', 1, 1, 54.99, 25),
(93, 'Sandals', 2, 2, 29.99, 40),
(94, 'Ring', 3, 3, 29.99, 35),
(95, 'Coat', 1, 1, 99.99, 15),
(96, 'Slip-ons', 2, 2, 44.99, 20),
(97, 'Anklet', 3, 3, 9.99, 100),
(98, 'Polo Shirt', 1, 1, 34.99, 30),
(99, 'Loafers', 2, 2, 74.99, 15),
(100, 'Keychain', 3, 3, 4.99, 150);
INSERT INTO Categories (CategoryID, CategoryName, Description) VALUES
(1, 'Apparel', 'Clothing and accessories'),
(2, 'Footwear', 'Shoes, sandals, and other types of footwear'),
(3, 'Accessories', 'Items such as hats, scarves, belts, and jewelry'),
(4, 'Electronics', 'Devices like smartphones, tablets, and laptops'),
(5, 'Home Appliances', 'Household electronic devices'),
(6, 'Furniture', 'Home and office furniture'),
(7, 'Toys', 'Children\'s toys and games'),
(8, 'Books', 'Printed and digital books'),
(9, 'Sports Equipment', 'Gear for various sports and activities'),
(10, 'Beauty Products', 'Cosmetics and skincare items'),
(11, 'Groceries', 'Food and household supplies'),
(12, 'Automotive', 'Car parts and accessories'),
(13, 'Garden Supplies', 'Tools and accessories for gardening'),
(14, 'Pet Supplies', 'Products for pets'),
(15, 'Office Supplies', 'Stationery and office equipment'),
(16, 'Health Products', 'Medical supplies and health-related items'),
(17, 'Music Instruments', 'Various musical instruments and accessories'),
(18, 'Craft Supplies', 'Materials for crafting and DIY projects'),
(19, 'Kitchenware', 'Utensils and gadgets for the kitchen'),
(20, 'Lighting', 'Indoor and outdoor lighting solutions'),
(21, 'Cleaning Supplies', 'Products for cleaning and maintenance'),
(22, 'Baby Products', 'Items for babies and toddlers'),
(23, 'Outdoor Gear', 'Equipment for outdoor activities'),
(24, 'Travel Accessories', 'Items for travel and vacations'),
(25, 'Hardware', 'Tools and building materials'),
(26, 'Fitness Equipment', 'Exercise machines and accessories'),
(27, 'Personal Care', 'Grooming and hygiene products'),
(28, 'Bedding', 'Bedsheets, pillows, and other bedding items'),
(29, 'Art Supplies', 'Materials for drawing, painting, and other art forms'),
(30, 'Lighting', 'Indoor and outdoor lighting solutions'),
(31, 'Gardening', 'Tools and accessories for gardening'),
(32, 'Pet Food', 'Food products for pets'),
(33, 'Stationery', 'Paper products and writing instruments'),
(34, 'Medical Supplies', 'Products for medical use'),
(35, 'Instruments', 'Various musical instruments and accessories'),
(36, 'Crafting', 'Materials for crafting and DIY projects'),
(37, 'Cookware', 'Pots, pans, and other cooking vessels'),
(38, 'Home Decor', 'Items for decorating homes'),
(39, 'Storage Solutions', 'Containers and organizers for storage'),
(40, 'Laundry Supplies', 'Products for washing and drying clothes'),
(41, 'Baby Gear', 'Items for babies and toddlers'),
(42, 'Camping Gear', 'Equipment for camping and outdoor adventures'),
(43, 'Luggage', 'Bags and suitcases for travel'),
(44, 'Construction', 'Building materials and tools'),
(45, 'Exercise Equipment', 'Machines and accessories for fitness'),
(46, 'Grooming', 'Personal grooming products'),
(47, 'Bedroom Furniture', 'Furniture for bedrooms'),
(48, 'Office Furniture', 'Furniture for offices'),
(49, 'Art Tools', 'Tools for creating art'),
(50, 'Electrical Supplies', 'Electrical equipment and accessories'),
(51, 'Power Tools', 'Electric and battery-powered tools'),
(52, 'Hand Tools', 'Manual tools for various tasks'),
(53, 'Plumbing Supplies', 'Materials for plumbing work'),
(54, 'Outdoor Furniture', 'Furniture for outdoor spaces'),
(55, 'Patio Furniture', 'Furniture for patios'),
(56, 'BBQ Equipment', 'Grills and accessories for barbecuing'),
(57, 'Winter Gear', 'Clothing and accessories for winter'),
(58, 'Summer Gear', 'Clothing and accessories for summer'),
(59, 'School Supplies', 'Items needed for school'),
(60, 'Safety Equipment', 'Products for personal and workplace safety'),
(61, 'Office Electronics', 'Electronic devices for office use'),
(62, 'Mobile Accessories', 'Accessories for mobile phones'),
(63, 'Camera Equipment', 'Cameras and related accessories'),
(64, 'Gaming', 'Consoles, games, and accessories'),
(65, 'Networking', 'Network devices and accessories'),
(66, 'Wearable Tech', 'Smartwatches and fitness trackers'),
(67, 'Smart Home', 'Smart home devices and accessories'),
(68, 'Eco-friendly Products', 'Environmentally friendly products'),
(69, 'Luxury Goods', 'High-end luxury items'),
(70, 'Collectibles', 'Items for collecting'),
(71, 'Vintage Items', 'Vintage and antique items'),
(72, 'Handmade Items', 'Handcrafted products'),
(73, 'Custom Products', 'Customizable items'),
(74, 'Subscription Boxes', 'Monthly subscription boxes'),
(75, 'Gourmet Foods', 'High-quality and specialty foods'),
(76, 'Beverages', 'Drinks and drink accessories'),
(77, 'Frozen Foods', 'Frozen food products'),
(78, 'Snacks', 'Various snack foods'),
(79, 'Dairy Products', 'Milk, cheese, and other dairy items'),
(80, 'Bakery Items', 'Bread, cakes, and other baked goods'),
(81, 'Meat Products', 'Fresh and processed meat items'),
(82, 'Seafood', 'Fresh and processed seafood items'),
(83, 'Vegetables', 'Fresh vegetables'),
(84, 'Fruits', 'Fresh fruits'),
(85, 'Organic Foods', 'Organic food products'),
(86, 'Health Foods', 'Health and wellness food products'),
(87, 'Baby Food', 'Food products for babies'),
(88, 'Canned Foods', 'Canned food items'),
(89, 'Condiments', 'Spices, sauces, and other condiments'),
(90, 'Grains', 'Rice, wheat, and other grains'),
(91, 'Pasta', 'Various types of pasta'),
(92, 'Baking Supplies', 'Ingredients for baking'),
(93, 'Cooking Oils', 'Various types of cooking oils'),
(94, 'Herbs & Spices', 'Fresh and dried herbs and spices'),
(95, 'Pet Care', 'Products for pet care'),
(96, 'Aquarium Supplies', 'Products for aquariums'),
(97, 'Bird Supplies', 'Products for birds'),
(98, 'Reptile Supplies', 'Products for reptiles'),
(99, 'Fish Supplies', 'Products for fish'),
(100, 'Small Pet Supplies', 'Products for small pets like hamsters and guinea pigs');
INSERT INTO Suppliers (SupplierID, SupplierName, ContactNumber, Address) VALUES
(1, 'ABC Supplies', '123-456-7890', '123 Main St, Bangalore'),
(2, 'XYZ Distributors', '098-765-4321', '456 Oak Ave, Mysore'),
(3, 'Quality Goods Co.', '234-567-8901', '789 Pine Rd, Mangalore'),
(4, 'Supreme Supplies', '345-678-9012', '101 Maple St, Hubli'),
(5, 'Premier Products', '456-789-0123', '202 Birch Ln, Belgaum'),
(6, 'Essential Vendors', '567-890-1234', '303 Cedar Ct, Tumkur'),
(7, 'Reliable Sources', '678-901-2345', '404 Elm Dr, Shimoga'),
(8, 'Prime Suppliers', '789-012-3456', '505 Spruce St, Hassan'),
(9, 'Top-Notch Goods', '890-123-4567', '606 Fir Ave, Davangere'),
(10, 'Elite Distributors', '901-234-5678', '707 Willow Blvd, Bijapur'),
(11, 'Trusted Vendors', '012-345-6789', '808 Alder Rd, Bagalkot'),
(12, 'High-Quality Goods', '123-456-7890', '909 Poplar Ln, Chitradurga'),
(13, 'Premium Supplies', '234-567-8901', '1010 Aspen Ct, Gadag'),
(14, 'Excellence Suppliers', '345-678-9012', '1111 Redwood St, Haveri'),
(15, 'Dependable Distributors', '456-789-0123', '1212 Cypress Blvd, Kolar'),
(16, 'First-Rate Vendors', '567-890-1234', '1313 Sequoia Ave, Koppal'),
(17, 'Top Tier Goods', '678-901-2345', '1414 Cedar Dr, Raichur'),
(18, 'Superior Sources', '789-012-3456', '1515 Pine Ln, Mandya'),
(19, 'Excellent Goods Co.', '890-123-4567', '1616 Oak Ct, Udupi'),
(20, 'Quality First Supplies', '901-234-5678', '1717 Birch Rd, Chikmagalur'),
(21, 'Trusted Supplies', '012-345-6789', '1818 Maple Ln, Kodagu'),
(22, 'Reliable Goods', '123-456-7890', '1919 Spruce St, Ramanagara'),
(23, 'Premier Goods Co.', '234-567-8901', '2020 Elm Ave, Chikkaballapur'),
(24, 'Elite Vendors', '345-678-9012', '2121 Fir Ct, Dakshina Kannada'),
(25, 'Top Quality Sources', '456-789-0123', '2222 Willow Ln, Kalaburagi'),
(26, 'High-End Suppliers', '567-890-1234', '2323 Alder St, Kolar'),
(27, 'Reliable Distributors', '678-901-2345', '2424 Poplar Ave, Ballari'),
(28, 'Superior Vendors', '789-012-3456', '2525 Aspen Blvd, Davangere'),
(29, 'Top Notch Supplies', '890-123-4567', '2626 Redwood Rd, Dharwad'),
(30, 'Quality Assured', '901-234-5678', '2727 Cypress St, Bidar'),
(31, 'Excellent Suppliers', '012-345-6789', '2828 Sequoia Ave, Raichur'),
(32, 'Dependable Goods', '123-456-7890', '2929 Cedar Blvd, Yadgir'),
(33, 'Premier Vendors', '234-567-8901', '3030 Pine St, Tumkur'),
(34, 'Top Grade Goods', '345-678-9012', '3131 Oak Ave, Hassan'),
(35, 'Reliable Supplies', '456-789-0123', '3232 Birch Rd, Mandya'),
(36, 'Superior Goods Co.', '567-890-1234', '3333 Maple Blvd, Mysore'),
(37, 'Top Suppliers', '678-901-2345', '3434 Spruce Ave, Kodagu'),
(38, 'Elite Goods Co.', '789-012-3456', '3535 Elm St, Shimoga'),
(39, 'Trusted Goods', '890-123-4567', '3636 Fir Ln, Bijapur'),
(40, 'Premier Sources', '901-234-5678', '3737 Willow Rd, Bagalkot'),
(41, 'High Quality Vendors', '012-345-6789', '3838 Alder St, Chitradurga'),
(42, 'Top Quality Vendors', '123-456-7890', '3939 Poplar Blvd, Tumkur'),
(43, 'Reliable Goods Co.', '234-567-8901', '4040 Aspen Ave, Gadag'),
(44, 'Elite Suppliers', '345-678-9012', '4141 Redwood Ln, Haveri'),
(45, 'Top Goods Co.', '456-789-0123', '4242 Cypress Rd, Kolar'),
(46, 'Trusted Vendors Co.', '567-890-1234', '4343 Sequoia Blvd, Koppal'),
(47, 'High-Quality Vendors', '678-901-2345', '4444 Cedar Ave, Raichur'),
(48, 'Superior Goods Co.', '789-012-3456', '4545 Pine St, Mandya'),
(49, 'Reliable Sources Co.', '890-123-4567', '4646 Oak Blvd, Udupi'),
(50, 'Premier Goods Supplies', '901-234-5678', '4747 Birch Ave, Chikmagalur'),
(51, 'Quality Vendors', '012-345-6789', '4848 Maple Rd, Ramanagara'),
(52, 'Superior Supplies', '123-456-7890', '4949 Spruce Ln, Chikkaballapur'),
(53, 'Top Vendors', '234-567-8901', '5050 Elm Blvd, Dakshina Kannada'),
(54, 'Elite Sources', '345-678-9012', '5151 Fir Ave, Kalaburagi'),
(55, 'Trusted Goods Co.', '456-789-0123', '5252 Willow St, Kolar'),
(56, 'High-Quality Sources', '567-890-1234', '5353 Alder Ln, Ballari'),
(57, 'Premier Goods Vendors', '678-901-2345', '5454 Poplar Blvd, Davangere'),
(58, 'Reliable Vendors Co.', '789-012-3456', '5555 Aspen Rd, Dharwad'),
(59, 'Top-Notch Suppliers', '890-123-4567', '5656 Redwood Ln, Bidar'),
(60, 'Quality Sources', '901-234-5678', '5757 Cypress Ave, Raichur'),
(61, 'Elite Goods Vendors', '012-345-6789', '5858 Sequoia Blvd, Yadgir'),
(62, 'Trusted Supplies Co.', '123-456-7890', '5959 Cedar Ave, Tumkur'),
(63, 'Premier Goods Co.', '234-567-8901', '6060 Pine St, Hassan'),
(64, 'High Quality Supplies', '345-678-9012', '6161 Oak Blvd, Mandya'),
(65, 'Top Grade Suppliers', '456-789-0123', '6262 Birch Ln, Mysore'),
(66, 'Superior Sources Co.', '567-890-1234', '6363 Maple Rd, Kodagu'),
(67, 'Reliable Goods Vendors', '678-901-2345', '6464 Spruce Blvd, Shimoga'),
(68, 'Premier Sources Co.', '789-012-3456', '6565 Elm Ln, Bijapur'),
(69, 'Quality Goods Vendors', '890-123-4567', '6666 Fir Rd, Bagalkot'),
(70, 'Elite Supplies Co.', '901-234-5678', '6767 Willow Blvd, Chitradurga'),
(71, 'Top-Notch Vendors', '012-345-6789', '6868 Alder Ave, Tumkur'),
(72, 'Superior Goods Vendors', '123-456-7890', '6969 Poplar St, Gadag'),
(73, 'Reliable Sources Vendors', '234-567-8901', '7070 Aspen Ln, Haveri'),
(74, 'Premier Goods Sources', '345-678-9012', '7171 Redwood Blvd, Kolar'),
(75, 'Top Quality Goods', '456-789-0123', '7272 Cypress Ln, Koppal'),
(76, 'Elite Suppliers Co.', '567-890-1234', '7373 Sequoia Ave, Raichur'),
(77, 'High Quality Vendors Co.', '678-901-2345', '7474 Cedar Blvd, Mandya'),
(78, 'Superior Goods Supplies', '789-012-3456', '7575 Pine St, Udupi'),
(79, 'Reliable Goods Supplies', '890-123-4567', '7676 Oak Ave, Chikmagalur'),
(80, 'Premier Supplies Co.', '901-234-5678', '7777 Birch Ln, Kodagu'),
(81, 'Top Vendors Co.', '012-345-6789', '7878 Maple Blvd, Ramanagara'),
(82, 'Elite Goods Supplies', '123-456-7890', '7979 Spruce Ln, Chikkaballapur'),
(83, 'Quality Sources Co.', '234-567-8901', '8080 Elm Rd, Dakshina Kannada'),
(84, 'Superior Vendors Co.', '345-678-9012', '8181 Fir Blvd, Kalaburagi'),
(85, 'Trusted Sources', '456-789-0123', '8282 Willow St, Kolar'),
(86, 'High-Quality Goods Co.', '567-890-1234', '8383 Alder Ln, Ballari'),
(87, 'Premier Vendors Co.', '678-901-2345', '8484 Poplar Ave, Davangere'),
(88, 'Reliable Goods Sources', '789-012-3456', '8585 Aspen Blvd, Dharwad'),
(89, 'Top-Notch Sources', '890-123-4567', '8686 Redwood St, Bidar'),
(90, 'Quality Supplies Co.', '901-234-5678', '8787 Cypress Blvd, Raichur'),
(91, 'Elite Sources Vendors', '012-345-6789', '8888 Sequoia Ave, Yadgir'),
(92, 'Superior Goods Sources', '123-456-7890', '8989 Cedar Ln, Tumkur'),
(93, 'Premier Supplies Vendors', '234-567-8901', '9090 Pine Rd, Hassan'),
(94, 'High Quality Sources', '345-678-9012', '9191 Oak Blvd, Mandya'),
(95, 'Reliable Goods Sources Co.', '456-789-0123', '9292 Birch Ln, Mysore'),
(96, 'Top Grade Supplies Co.', '567-890-1234', '9393 Maple St, Kodagu'),
(97, 'Superior Goods Co.', '678-901-2345', '9494 Spruce Blvd, Shimoga'),
(98, 'Elite Supplies Vendors', '789-012-3456', '9595 Elm Ln, Bijapur'),
(99, 'Trusted Goods Sources', '890-123-4567', '9696 Fir Rd, Bagalkot'),
(100, 'Premier Sources Vendors', '901-234-5678', '9797 Willow Blvd, Chitradurga');
INSERT INTO Customers (CustomerID, CustomerName, ContactNumber, Email, Address) VALUES
(1, 'Ravi Kumar', '987-654-3210', 'ravi.kumar@example.com', '123 Main St, Bangalore'),
(2, 'Anita Reddy', '876-543-2109', 'anita.reddy@example.com', '456 Oak Ave, Mysore'),
(3, 'Suresh Rao', '765-432-1098', 'suresh.rao@example.com', '789 Pine Rd, Mangalore'),
(4, 'Geeta Shenoy', '654-321-0987', 'geeta.shenoy@example.com', '101 Maple St, Hubli'),
(5, 'Prakash Patil', '543-210-9876', 'prakash.patil@example.com', '202 Birch Ln, Belgaum'),
(6, 'Lakshmi Iyer', '432-109-8765', 'lakshmi.iyer@example.com', '303 Cedar Ct, Tumkur'),
(7, 'Vijay Singh', '321-098-7654', 'vijay.singh@example.com', '404 Elm Dr, Shimoga'),
(8, 'Renu Sharma', '210-987-6543', 'renu.sharma@example.com', '505 Spruce St, Hassan'),
(9, 'Manoj Desai', '109-876-5432', 'manoj.desai@example.com', '606 Fir Ave, Davangere'),
(10, 'Kavita Joshi', '098-765-4321', 'kavita.joshi@example.com', '707 Willow Blvd, Bijapur'),
(11, 'Arun Mehta', '987-654-3210', 'arun.mehta@example.com', '808 Alder Rd, Bagalkot'),
(12, 'Sunita Verma', '876-543-2109', 'sunita.verma@example.com', '909 Poplar Ln, Chitradurga'),
(13, 'Rahul Gupta', '765-432-1098', 'rahul.gupta@example.com', '1010 Aspen Ct, Gadag'),
(14, 'Pooja Nair', '654-321-0987', 'pooja.nair@example.com', '1111 Redwood St, Haveri'),
(15, 'Rohan Shetty', '543-210-9876', 'rohan.shetty@example.com', '1212 Cypress Blvd, Kolar'),
(16, 'Suman Kulkarni', '432-109-8765', 'suman.kulkarni@example.com', '1313 Sequoia Ave, Koppal'),
(17, 'Vinayak Rao', '321-098-7654', 'vinayak.rao@example.com', '1414 Cedar Dr, Raichur'),
(18, 'Neha Deshpande', '210-987-6543', 'neha.deshpande@example.com', '1515 Pine Ln, Mandya'),
(19, 'Ajay Naik', '109-876-5432', 'ajay.naik@example.com', '1616 Oak Ct, Udupi'),
(20, 'Rekha Bhat', '098-765-4321', 'rekha.bhat@example.com', '1717 Birch Rd, Chikmagalur'),
(21, 'Santosh Hegde', '987-654-3210', 'santosh.hegde@example.com', '1818 Maple Ln, Kodagu'),
(22, 'Asha Pai', '876-543-2109', 'asha.pai@example.com', '1919 Spruce St, Ramanagara'),
(23, 'Ramesh Rao', '765-432-1098', 'ramesh.rao@example.com', '2020 Elm Ave, Chikkaballapur'),
(24, 'Deepa Rao', '654-321-0987', 'deepa.rao@example.com', '2121 Fir Ct, Dakshina Kannada'),
(25, 'Sanjay Gowda', '543-210-9876', 'sanjay.gowda@example.com', '2222 Willow Ln, Kalaburagi'),
(26, 'Priya Sharma', '432-109-8765', 'priya.sharma@example.com', '2323 Alder St, Kolar'),
(27, 'Vikram Reddy', '321-098-7654', 'vikram.reddy@example.com', '2424 Poplar Ave, Ballari'),
(28, 'Maya Iyer', '210-987-6543', 'maya.iyer@example.com', '2525 Aspen Blvd, Davangere'),
(29, 'Nitin Rao', '109-876-5432', 'nitin.rao@example.com', '2626 Redwood Rd, Dharwad'),
(30, 'Sneha Patil', '098-765-4321', 'sneha.patil@example.com', '2727 Cypress St, Bidar'),
(31, 'Ravi Shankar', '987-654-3210', 'ravi.shankar@example.com', '2828 Sequoia Ave, Raichur'),
(32, 'Kiran Rao', '876-543-2109', 'kiran.rao@example.com', '2929 Cedar Blvd, Yadgir'),
(33, 'Aarti Joshi', '765-432-1098', 'aarti.joshi@example.com', '3030 Pine St, Tumkur'),
(34, 'Naveen Rao', '654-321-0987', 'naveen.rao@example.com', '3131 Oak Ave, Hassan'),
(35, 'Meera Naik', '543-210-9876', 'meera.naik@example.com', '3232 Birch Rd, Mandya'),
(36, 'Aditya Sharma', '432-109-8765', 'aditya.sharma@example.com', '3333 Maple Blvd, Mysore'),
(37, 'Sujata Iyer', '321-098-7654', 'sujata.iyer@example.com', '3434 Spruce Ave, Kodagu'),
(38, 'Rajesh Patil', '210-987-6543', 'rajesh.patil@example.com', '3535 Elm St, Shimoga'),
(39, 'Ritu Bhat', '109-876-5432', 'ritu.bhat@example.com', '3636 Fir Ln, Bijapur'),
(40, 'Aman Rao', '098-765-4321', 'aman.rao@example.com', '3737 Willow Rd, Bagalkot'),
(41, 'Rashmi Reddy', '987-654-3210', 'rashmi.reddy@example.com', '3838 Alder St, Chitradurga'),
(42, 'Ashok Kumar', '876-543-2109', 'ashok.kumar@example.com', '3939 Poplar Blvd, Tumkur'),
(43, 'Divya Desai', '765-432-1098', 'divya.desai@example.com', '4040 Aspen Ave, Gadag'),
(44, 'Rajeshwari Rao', '654-321-0987', 'rajeshwari.rao@example.com', '4141 Redwood Ln, Haveri'),
(45, 'Karthik Reddy', '543-210-9876', 'karthik.reddy@example.com', '4242 Cypress Rd, Kolar'),
(46, 'Swapna Shetty', '432-109-8765', 'swapna.shetty@example.com', '4343 Sequoia Blvd, Koppal'),
(47, 'Gopal Rao', '321-098-7654', 'gopal.rao@example.com', '4444 Cedar Ave, Raichur'),
(48, 'Jyoti Gupta', '210-987-6543', 'jyoti.gupta@example.com', '4545 Pine St, Mandya'),
(49, 'Shyam Sundar', '109-876-5432', 'shyam.sundar@example.com', '4646 Oak Blvd, Udupi'),
(50, 'Padma Nair', '098-765-4321', 'padma.nair@example.com', '4747 Birch Ave, Chikmagalur'),
(51, 'Siddharth Rao', '987-654-3210', 'siddharth.rao@example.com', '4848 Maple Rd, Ramanagara'),
(52, 'Madhavi Reddy', '876-543-2109', 'madhavi.reddy@example.com', '4949 Spruce Ln, Chikkaballapur'),
(53, 'Anand Deshpande', '765-432-1098', 'anand.deshpande@example.com', '5050 Elm Blvd, Dakshina Kannada'),
(54, 'Rekha Gowda', '654-321-0987', 'rekha.gowda@example.com', '5151 Fir Ave, Kalaburagi'),
(55, 'Bharat Iyer', '543-210-9876', 'bharat.iyer@example.com', '5252 Willow St, Kolar'),
(56, 'Rakesh Rao', '432-109-8765', 'rakesh.rao@example.com', '5353 Alder Ln, Ballari'),
(57, 'Kalyani Patil', '321-098-7654', 'kalyani.patil@example.com', '5454 Poplar Blvd, Davangere'),
(58, 'Arvind Shetty', '210-987-6543', 'arvind.shetty@example.com', '5555 Aspen Rd, Dharwad'),
(59, 'Bhavna Rao', '109-876-5432', 'bhavna.rao@example.com', '5656 Redwood St, Bidar'),
(60, 'Gita Bhat', '098-765-4321', 'gita.bhat@example.com', '5757 Cypress Blvd, Raichur'),
(61, 'Harish Rao', '987-654-3210', 'harish.rao@example.com', '5858 Sequoia Ave, Yadgir'),
(62, 'Anjali Sharma', '876-543-2109', 'anjali.sharma@example.com', '5959 Cedar Dr, Tumkur'),
(63, 'Arun Rao', '765-432-1098', 'arun.rao@example.com', '6060 Pine Ln, Hassan'),
(64, 'Shilpa Patil', '654-321-0987', 'shilpa.patil@example.com', '6161 Oak St, Mandya'),
(65, 'Raghav Iyer', '543-210-9876', 'raghav.iyer@example.com', '6262 Birch Blvd, Mysore'),
(66, 'Vani Rao', '432-109-8765', 'vani.rao@example.com', '6363 Maple Ave, Kodagu'),
(67, 'Vishal Sharma', '321-098-7654', 'vishal.sharma@example.com', '6464 Spruce Rd, Shimoga'),
(68, 'Aishwarya Nair', '210-987-6543', 'aishwarya.nair@example.com', '6565 Elm Ln, Bijapur'),
(69, 'Mohan Patil', '109-876-5432', 'mohan.patil@example.com', '6666 Fir St, Bagalkot'),
(70, 'Rekha Rao', '098-765-4321', 'rekha.rao@example.com', '6767 Willow Ave, Chitradurga'),
(71, 'Vivek Reddy', '987-654-3210', 'vivek.reddy@example.com', '6868 Alder Blvd, Tumkur'),
(72, 'Naina Gupta', '876-543-2109', 'naina.gupta@example.com', '6969 Poplar St, Gadag'),
(73, 'Siddharth Rao', '765-432-1098', 'siddharth.rao@example.com', '7070 Aspen Ln, Haveri'),
(74, 'Lakshmi Gowda', '654-321-0987', 'lakshmi.gowda@example.com', '7171 Redwood Rd, Kolar'),
(75, 'Suraj Deshpande', '543-210-9876', 'suraj.deshpande@example.com', '7272 Cypress St, Koppal'),
(76, 'Nalini Rao', '432-109-8765', 'nalini.rao@example.com', '7373 Sequoia Blvd, Raichur'),
(77, 'Ashwin Patil', '321-098-7654', 'ashwin.patil@example.com', '7474 Cedar Rd, Mandya'),
(78, 'Leela Rao', '210-987-6543', 'leela.rao@example.com', '7575 Pine Blvd, Udupi'),
(79, 'Pramod Nair', '109-876-5432', 'pramod.nair@example.com', '7676 Oak Ln, Chikmagalur'),
(80, 'Divya Reddy', '098-765-4321', 'divya.reddy@example.com', '7777 Birch St, Kodagu'),
(81, 'Shashank Rao', '987-654-3210', 'shashank.rao@example.com', '7878 Maple Ave, Ramanagara'),
(82, 'Sushma Patil', '876-543-2109', 'sushma.patil@example.com', '7979 Spruce Ln, Chikkaballapur'),
(83, 'Abhishek Rao', '765-432-1098', 'abhishek.rao@example.com', '8080 Elm St, Dakshina Kannada'),
(84, 'Arpita Sharma', '654-321-0987', 'arpita.sharma@example.com', '8181 Fir Blvd, Kalaburagi'),
(85, 'Rohit Gowda', '543-210-9876', 'rohit.gowda@example.com', '8282 Willow Ln, Kolar'),
(86, 'Radha Nair', '432-109-8765', 'radha.nair@example.com', '8383 Alder Rd, Ballari'),
(87, 'Nikhil Rao', '321-098-7654', 'nikhil.rao@example.com', '8484 Poplar Ave, Davangere'),
(88, 'Sreeja Iyer', '210-987-6543', 'sreeja.iyer@example.com', '8585 Aspen Blvd, Dharwad'),
(89, 'Raghavendra Rao', '109-876-5432', 'raghavendra.rao@example.com', '8686 Redwood Ln, Bidar'),
(90, 'Usha Patil', '098-765-4321', 'usha.patil@example.com', '8787 Cypress Rd, Raichur'),
(91, 'Jayashree Rao', '987-654-3210', 'jayashree.rao@example.com', '8888 Sequoia Blvd, Yadgir'),
(92, 'Naveen Sharma', '876-543-2109', 'naveen.sharma@example.com', '8989 Cedar Ln, Tumkur'),
(93, 'Meenal Rao', '765-432-1098', 'meenal.rao@example.com', '9090 Pine St, Hassan'),
(94, 'Niharika Reddy', '654-321-0987', 'niharika.reddy@example.com', '9191 Oak Blvd, Mandya'),
(95, 'Varun Rao', '543-210-9876', 'varun.rao@example.com', '9292 Birch Ln, Mysore'),
(96, 'Preeti Patil', '432-109-8765', 'preeti.patil@example.com', '9393 Maple Blvd, Kodagu'),
(97, 'Rahul Sharma', '321-098-7654', 'rahul.sharma@example.com', '9494 Spruce Ave, Shimoga'),
(98, 'Anupama Nair', '210-987-6543', 'anupama.nair@example.com', '9595 Elm Ln, Bijapur'),
(99, 'Ganesh Rao', '109-876-5432', 'ganesh.rao@example.com', '9696 Fir Rd, Bagalkot'),
(100, 'Shweta Reddy', '098-765-4321', 'shweta.reddy@example.com', '9797 Willow Blvd, Chitradurga');
INSERT INTO Orders (OrderID, CustomerID, OrderDate, TotalAmount) VALUES
(1, 1, '2023-01-01', 1500.50),
(2, 2, '2023-01-02', 2500.00),
(3, 3, '2023-01-03', 1750.75),
(4, 4, '2023-01-04', 3000.25),
(5, 5, '2023-01-05', 2100.50),
(6, 6, '2023-01-06', 4000.75),
(7, 7, '2023-01-07', 1250.00),
(8, 8, '2023-01-08', 3500.25),
(9, 9, '2023-01-09', 2750.75),
(10, 10, '2023-01-10', 2200.50),
(11, 11, '2023-01-11', 1600.25),
(12, 12, '2023-01-12', 3100.75),
(13, 13, '2023-01-13', 1900.50),
(14, 14, '2023-01-14', 4200.00),
(15, 15, '2023-01-15', 1350.25),
(16, 16, '2023-01-16', 3600.50),
(17, 17, '2023-01-17', 2550.75),
(18, 18, '2023-01-18', 2300.00),
(19, 19, '2023-01-19', 1450.25),
(20, 20, '2023-01-20', 3800.50),
(21, 21, '2023-01-21', 2650.75),
(22, 22, '2023-01-22', 2400.00),
(23, 23, '2023-01-23', 1550.25),
(24, 24, '2023-01-24', 3900.50),
(25, 25, '2023-01-25', 2750.75),
(26, 26, '2023-01-26', 2500.00),
(27, 27, '2023-01-27', 1650.25),
(28, 28, '2023-01-28', 4000.50),
(29, 29, '2023-01-29', 2850.75),
(30, 30, '2023-01-30', 2600.00),
(31, 31, '2023-01-31', 1750.25),
(32, 32, '2023-02-01', 4100.50),
(33, 33, '2023-02-02', 2950.75),
(34, 34, '2023-02-03', 2700.00),
(35, 35, '2023-02-04', 1850.25),
(36, 36, '2023-02-05', 4200.50),
(37, 37, '2023-02-06', 3050.75),
(38, 38, '2023-02-07', 2800.00),
(39, 39, '2023-02-08', 1950.25),
(40, 40, '2023-02-09', 4300.50),
(41, 41, '2023-02-10', 3150.75),
(42, 42, '2023-02-11', 2900.00),
(43, 43, '2023-02-12', 2050.25),
(44, 44, '2023-02-13', 4400.50),
(45, 45, '2023-02-14', 3250.75),
(46, 46, '2023-02-15', 3000.00),
(47, 47, '2023-02-16', 2150.25),
(48, 48, '2023-02-17', 4500.50),
(49, 49, '2023-02-18', 3350.75),
(50, 50, '2023-02-19', 3100.00),
(51, 51, '2023-02-20', 2250.25),
(52, 52, '2023-02-21', 4600.50),
(53, 53, '2023-02-22', 3450.75),
(54, 54, '2023-02-23', 3200.00),
(55, 55, '2023-02-24', 2350.25),
(56, 56, '2023-02-25', 4700.50),
(57, 57, '2023-02-26', 3550.75),
(58, 58, '2023-02-27', 3300.00),
(59, 59, '2023-02-28', 2450.25),
(60, 60, '2023-03-01', 4800.50),
(61, 61, '2023-03-02', 3650.75),
(62, 62, '2023-03-03', 3400.00),
(63, 63, '2023-03-04', 2550.25),
(64, 64, '2023-03-05', 4900.50),
(65, 65, '2023-03-06', 3750.75),
(66, 66, '2023-03-07', 3500.00),
(67, 67, '2023-03-08', 2650.25),
(68, 68, '2023-03-09', 5000.50),
(69, 69, '2023-03-10', 3850.75),
(70, 70, '2023-03-11', 3600.00),
(71, 71, '2023-03-12', 2750.25),
(72, 72, '2023-03-13', 5100.50),
(73, 73, '2023-03-14', 3950.75),
(74, 74, '2023-03-15', 3700.00),
(75, 75, '2023-03-16', 2850.25),
(76, 76, '2023-03-17', 5200.50),
(77, 77, '2023-03-18', 4050.75),
(78, 78, '2023-03-19', 3800.00),
(79, 79, '2023-03-20', 2950.25),
(80, 80, '2023-03-21', 5300.50),
(81, 81, '2023-03-22', 4150.75),
(82, 82, '2023-03-23', 3900.00),
(83, 83, '2023-03-24', 3050.25),
(84, 84, '2023-03-25', 5400.50),
(85, 85, '2023-03-26', 4250.75),
(86, 86, '2023-03-27', 4000.00),
(87, 87, '2023-03-28', 3150.25),
(88, 88, '2023-03-29', 5500.50),
(89, 89, '2023-03-30', 4350.75),
(90, 90, '2023-03-31', 4100.00),
(91, 91, '2023-04-01', 3250.25),
(92, 92, '2023-04-02', 5600.50),
(93, 93, '2023-04-03', 4450.75),
(94, 94, '2023-04-04', 4200.00),
(95, 95, '2023-04-05', 3350.25),
(96, 96, '2023-04-06', 5700.50),
(97, 97, '2023-04-07', 4550.75),
(98, 98, '2023-04-08', 4300.00),
(99, 99, '2023-04-09', 3450.25),
(100, 100, '2023-04-10', 5800.50);
INSERT INTO Suppliers (SupplierID, SupplierName, ContactNumber, Address) VALUES
(1, 'Prakash Traders', '123-456-7890', '1234 Elm St, Bengaluru'),
(2, 'Ganesh Supplies', '234-567-8901', '5678 Oak Rd, Mysore'),
(3, 'Ravi Enterprises', '345-678-9012', '9101 Maple Ln, Hubli'),
(4, 'Sharma Distributors', '456-789-0123', '1122 Pine St, Mangalore'),
(5, 'Vikram & Co.', '567-890-1234', '3344 Cedar Rd, Belgaum'),
(6, 'Kumar Industries', '678-901-2345', '5566 Birch Ln, Davangere'),
(7, 'Mehta Traders', '789-012-3456', '7788 Spruce St, Bellary'),
(8, 'Agarwal Imports', '890-123-4567', '9900 Redwood Rd, Tumkur'),
(9, 'Patel Exports', '901-234-5678', '1212 Willow Ln, Bijapur'),
(10, 'Suresh Wholesalers', '012-345-6789', '3434 Cypress Blvd, Raichur'),
(11, 'Raj Distributors', '111-222-3333', '5656 Sequoia Dr, Udupi'),
(12, 'Anand Supplies', '222-333-4444', '7878 Aspen St, Shimoga'),
(13, 'Nair Enterprises', '333-444-5555', '9090 Redwood Ln, Hassan'),
(14, 'Verma Traders', '444-555-6666', '1313 Maple St, Mandya'),
(15, 'Singh Imports', '555-666-7777', '3535 Birch Rd, Gadag'),
(16, 'Gupta Supplies', '666-777-8888', '5757 Pine Ln, Kolar'),
(17, 'Joshi Exports', '777-888-9999', '7979 Cedar Blvd, Bidar'),
(18, 'Desai Distributors', '888-999-0000', '9898 Spruce Ln, Bagalkot'),
(19, 'Reddy Industries', '999-000-1111', '1010 Elm St, Chitradurga'),
(20, 'Shah Traders', '000-111-2222', '2020 Oak Ln, Haveri'),
(21, 'Rao Enterprises', '123-321-1234', '3030 Maple Blvd, Chikkaballapur'),
(22, 'Patil Supplies', '234-432-2345', '4040 Birch St, Ramanagara'),
(23, 'Mishra Imports', '345-543-3456', '5050 Pine Blvd, Tumkur'),
(24, 'Menon Distributors', '456-654-4567', '6060 Cedar Ln, Dharwad'),
(25, 'Dutta Wholesalers', '567-765-5678', '7070 Redwood Blvd, Bidar'),
(26, 'Krishna Traders', '678-876-6789', '8080 Sequoia Rd, Raichur'),
(27, 'Pandey Supplies', '789-987-7890', '9090 Aspen Ln, Yadgir'),
(28, 'Kulkarni Imports', '890-098-8901', '1011 Willow St, Tumkur'),
(29, 'Chatterjee Exports', '901-109-9012', '1213 Cypress Ln, Gadag'),
(30, 'Roy Distributors', '012-210-0123', '1415 Maple Rd, Shimoga'),
(31, 'Acharya Industries', '111-311-1114', '1617 Birch Ln, Mandya'),
(32, 'Rana Traders', '222-422-2225', '1819 Pine Rd, Mysore'),
(33, 'Pal Enterprises', '333-533-3336', '2021 Cedar Ln, Kodagu'),
(34, 'Kaur Supplies', '444-644-4447', '2223 Redwood Rd, Bijapur'),
(35, 'Kapoor Wholesalers', '555-755-5558', '2425 Spruce Ln, Kalaburagi'),
(36, 'Aggarwal Imports', '666-866-6669', '2627 Elm St, Kolar'),
(37, 'Bajaj Traders', '777-977-7770', '2829 Oak Ln, Bellary'),
(38, 'Naik Distributors', '888-088-8881', '3031 Maple Blvd, Davangere'),
(39, 'Shetty Supplies', '999-199-9992', '3233 Birch Rd, Bidar'),
(40, 'Jain Imports', '000-200-0003', '3435 Pine Blvd, Tumkur'),
(41, 'Kulkarni Wholesalers', '111-311-3114', '3637 Cedar Ln, Chikmagalur'),
(42, 'Shinde Enterprises', '222-422-4225', '3839 Redwood Blvd, Hassan'),
(43, 'Tripathi Supplies', '333-533-5336', '4041 Sequoia Ln, Mandya'),
(44, 'Ghosh Traders', '444-644-6447', '4243 Aspen Blvd, Koppal'),
(45, 'Saxena Imports', '555-755-7558', '4445 Willow Ln, Kolar'),
(46, 'Arora Distributors', '666-866-8669', '4647 Cypress Rd, Shimoga'),
(47, 'Bhatt Exports', '777-977-9770', '4849 Maple Ln, Bellary'),
(48, 'Thakur Wholesalers', '888-088-0881', '5051 Birch Rd, Mysore'),
(49, 'Yadav Supplies', '999-199-1992', '5253 Pine Blvd, Raichur'),
(50, 'Iyer Imports', '000-300-0004', '5455 Cedar Ln, Gadag'),
(51, 'Rao Traders', '111-411-1115', '5657 Redwood Rd, Tumkur'),
(52, 'Murthy Supplies', '222-522-2226', '5859 Sequoia Ln, Davangere'),
(53, 'Swamy Exports', '333-633-3337', '6061 Aspen Rd, Kalaburagi'),
(54, 'Pillai Imports', '444-744-4448', '6263 Willow Ln, Chikkaballapur'),
(55, 'Shastry Distributors', '555-855-5559', '6465 Cypress Blvd, Udupi'),
(56, 'Bhattacharya Traders', '666-966-6660', '6667 Maple Ln, Tumkur'),
(57, 'Bose Enterprises', '777-077-7771', '6869 Birch Rd, Raichur'),
(58, 'Das Supplies', '888-188-8882', '7071 Pine Ln, Shimoga'),
(59, 'Gowda Imports', '999-299-9993', '7273 Cedar Blvd, Mandya'),
(60, 'Kumar Distributors', '000-400-0005', '7475 Redwood Ln, Gadag'),
(61, 'Ahuja Traders', '111-511-1116', '7677 Sequoia Rd, Kolar'),
(62, 'Dixit Supplies', '222-622-2227', '7879 Aspen Ln, Udupi'),
(63, 'Rana Exports', '333-733-3338', '8081 Willow Blvd, Bidar'),
(64, 'Salvi Imports', '444-844-4449', '8283 Cypress Ln, Davangere'),
(65, 'Talwar Distributors', '555-955-5550', '8485 Maple St, Hassan'),
(66, 'Mittal Traders', '666-066-6661', '8687 Birch Ln, Kalaburagi'),
(67, 'Bedi Enterprises', '777-177-7772', '8889 Pine Rd, Mandya'),
(68, 'Suri Imports', '888-288-8883', '9091 Cedar Ln, Shimoga'),
(69, 'Malhotra Wholesalers', '999-399-9994', '9293 Redwood Blvd, Tumkur'),
(70, 'Chopra Traders', '000-500-0006', '9495 Sequoia Ln, Gadag'),
(71, 'Mann Enterprises', '111-611-1117', '9697 Aspen Rd, Mysore'),
(72, 'Rastogi Supplies', '222-722-2228', '9899 Willow Ln, Bijapur'),
(73, 'Saxena Traders', '333-833-3339', '1010 Cypress Blvd, Tumkur'),
(74, 'Puri Exports', '444-944-4450', '1212 Maple Ln, Bellary'),
(75, 'Malik Imports', '555-055-5551', '1313 Birch Rd, Raichur'),
(76, 'Singhal Distributors', '666-166-6662', '1515 Pine Blvd, Hassan'),
(77, 'Soni Enterprises', '777-277-7773', '1717 Cedar Ln, Shimoga'),
(78, 'Kohli Traders', '888-388-8884', '1919 Redwood Rd, Mandya'),
(79, 'Mehra Supplies', '999-499-9995', '2021 Sequoia Ln, Kolar'),
(80, 'Bakshi Imports', '000-600-0007', '2223 Aspen Blvd, Davangere'),
(81, 'Talwar Traders', '111-711-1118', '2425 Willow Ln, Mysore'),
(82, 'Sodhi Enterprises', '222-822-2229', '2627 Cypress Rd, Bellary'),
(83, 'Gill Supplies', '333-933-3330', '2829 Maple Ln, Bijapur'),
(84, 'Sethi Imports', '444-044-4441', '3031 Birch Blvd, Tumkur'),
(85, 'Dewan Distributors', '555-155-5552', '3233 Pine Ln, Gadag'),
(86, 'Khanna Exports', '666-266-6663', '3435 Cedar Rd, Shimoga'),
(87, 'Sandhu Supplies', '777-377-7774', '3637 Redwood Ln, Mandya'),
(88, 'Chawla Imports', '888-488-8885', '3839 Sequoia Blvd, Kolar'),
(89, 'Kalra Traders', '999-599-9996', '4041 Aspen Rd, Tumkur'),
(90, 'Mahajan Enterprises', '000-700-0008', '4243 Willow Ln, Raichur'),
(91, 'Mathur Supplies', '111-811-1119', '4445 Cypress Blvd, Mysore'),
(92, 'Nanda Traders', '222-922-2230', '4647 Maple Ln, Mandya'),
(93, 'Vohra Exports', '333-033-3331', '4849 Birch Rd, Tumkur'),
(94, 'Randhawa Imports', '444-144-4442', '5051 Pine Blvd, Shimoga'),
(95, 'Gulati Distributors', '555-255-5553', '5253 Cedar Ln, Mandya'),
(96, 'Sangha Enterprises', '666-366-6664', '5455 Redwood Rd, Gadag'),
(97, 'Khosla Supplies', '777-477-7775', '5657 Sequoia Ln, Mysore'),
(98, 'Malik Imports', '888-588-8886', '5859 Aspen Blvd, Bidar'),
(99, 'Mehta Traders', '999-699-9997', '6061 Willow Ln, Tumkur'),
(100, 'Chadha Enterprises', '000-800-0009', '6263 Cypress Rd, Bellary');
INSERT INTO Suppliers (SupplierID, SupplierName, ContactNumber, Address) VALUES
(101, 'Prakash Traders', '123-456-7890', '1234 Elm St, Bengaluru'),
(102, 'Ganesh Supplies', '234-567-8901', '5678 Oak Rd, Mysore'),
(103, 'Ravi Enterprises', '345-678-9012', '9101 Maple Ln, Hubli'),
(104, 'Sharma Distributors', '456-789-0123', '1122 Pine St, Mangalore'),
(105, 'Vikram & Co.', '567-890-1234', '3344 Cedar Rd, Belgaum'),
(106, 'Kumar Industries', '678-901-2345', '5566 Birch Ln, Davangere'),
(107, 'Mehta Traders', '789-012-3456', '7788 Spruce St, Bellary'),
(108, 'Agarwal Imports', '890-123-4567', '9900 Redwood Rd, Tumkur'),
(109, 'Patel Exports', '901-234-5678', '1212 Willow Ln, Bijapur'),
(110, 'Suresh Wholesalers', '012-345-6789', '3434 Cypress Blvd, Raichur'),
(111, 'Raj Distributors', '111-222-3333', '5656 Sequoia Dr, Udupi'),
(112, 'Anand Supplies', '222-333-4444', '7878 Aspen St, Shimoga'),
(113, 'Nair Enterprises', '333-444-5555', '9090 Redwood Ln, Hassan'),
(114, 'Verma Traders', '444-555-6666', '1313 Maple St, Mandya'),
(115, 'Singh Imports', '555-666-7777', '3535 Birch Rd, Gadag'),
(116, 'Gupta Supplies', '666-777-8888', '5757 Pine Ln, Kolar'),
(117, 'Joshi Exports', '777-888-9999', '7979 Cedar Blvd, Bidar'),
(118, 'Desai Distributors', '888-999-0000', '9898 Spruce Ln, Bagalkot'),
(119, 'Reddy Industries', '999-000-1111', '1010 Elm St, Chitradurga'),
(120, 'Shah Traders', '000-111-2222', '2020 Oak Ln, Haveri'),
(121, 'Rao Enterprises', '123-321-1234', '3030 Maple Blvd, Chikkaballapur'),
(122, 'Patil Supplies', '234-432-2345', '4040 Birch St, Ramanagara'),
(123, 'Mishra Imports', '345-543-3456', '5050 Pine Blvd, Tumkur'),
(124, 'Menon Distributors', '456-654-4567', '6060 Cedar Ln, Dharwad'),
(125, 'Dutta Wholesalers', '567-765-5678', '7070 Redwood Blvd, Bidar'),
(126, 'Krishna Traders', '678-876-6789', '8080 Sequoia Rd, Raichur'),
(127, 'Pandey Supplies', '789-987-7890', '9090 Aspen Ln, Yadgir'),
(128, 'Kulkarni Imports', '890-098-8901', '1011 Willow St, Tumkur'),
(129, 'Chatterjee Exports', '901-109-9012', '1213 Cypress Ln, Gadag'),
(130, 'Roy Distributors', '012-210-0123', '1415 Maple Rd, Shimoga'),
(131, 'Acharya Industries', '111-311-1114', '1617 Birch Ln, Mandya'),
(132, 'Rana Traders', '222-422-2225', '1819 Pine Rd, Mysore'),
(133, 'Pal Enterprises', '333-533-3336', '2021 Cedar Ln, Kodagu'),
(134, 'Kaur Supplies', '444-644-4447', '2223 Redwood Rd, Bijapur'),
(135, 'Kapoor Wholesalers', '555-755-5558', '2425 Spruce Ln, Kalaburagi'),
(136, 'Aggarwal Imports', '666-866-6669', '2627 Elm St, Kolar'),
(137, 'Bajaj Traders', '777-977-7770', '2829 Oak Ln, Bellary'),
(138, 'Naik Distributors', '888-088-8881', '3031 Maple Blvd, Davangere'),
(139, 'Shetty Supplies', '999-199-9992', '3233 Birch Rd, Bidar'),
(140, 'Jain Imports', '000-200-0003', '3435 Pine Blvd, Tumkur'),
(141, 'Kulkarni Wholesalers', '111-311-3114', '3637 Cedar Ln, Chikmagalur'),
(142, 'Shinde Enterprises', '222-422-4225', '3839 Redwood Blvd, Hassan'),
(143, 'Tripathi Supplies', '333-533-5336', '4041 Sequoia Ln, Mandya'),
(144, 'Ghosh Traders', '444-644-6447', '4243 Aspen Blvd, Koppal'),
(145, 'Saxena Imports', '555-755-7558', '4445 Willow Ln, Kolar'),
(146, 'Arora Distributors', '666-866-8669', '4647 Cypress Rd, Shimoga'),
(147, 'Bhatt Exports', '777-977-9770', '4849 Maple Ln, Bellary'),
(148, 'Thakur Wholesalers', '888-088-0881', '5051 Birch Rd, Mysore'),
(149, 'Yadav Supplies', '999-199-1992', '5253 Pine Blvd, Raichur'),
(150, 'Iyer Imports', '000-300-0004', '5455 Cedar Ln, Gadag'),
(151, 'Rao Traders', '111-411-1115', '5657 Redwood Rd, Tumkur'),
(152, 'Murthy Supplies', '222-522-2226', '5859 Sequoia Ln, Davangere'),
(153, 'Swamy Exports', '333-633-3337', '6061 Aspen Rd, Kalaburagi'),
(154, 'Pillai Imports', '444-744-4448', '6263 Willow Ln, Chikkaballapur'),
(155, 'Shastry Distributors', '555-855-5559', '6465 Cypress Blvd, Udupi'),
(156, 'Bhattacharya Traders', '666-966-6660', '6667 Maple Ln, Tumkur'),
(157, 'Bose Enterprises', '777-077-7771', '6869 Birch Rd, Raichur'),
(158, 'Das Supplies', '888-188-8882', '7071 Pine Ln, Shimoga'),
(159, 'Gowda Imports', '999-299-9993', '7273 Cedar Blvd, Mandya'),
(160, 'Kumar Distributors', '000-400-0005', '7475 Redwood Ln, Gadag'),
(161, 'Ahuja Traders', '111-511-1116', '7677 Sequoia Rd, Kolar'),
(162, 'Dixit Supplies', '222-622-2227', '7879 Aspen Ln, Udupi'),
(163, 'Rana Exports', '333-733-3338', '8081 Willow Blvd, Bidar'),
(164, 'Salvi Imports', '444-844-4449', '8283 Cypress Ln, Davangere'),
(165, 'Talwar Distributors', '555-955-5550', '8485 Maple St, Hassan'),
(166, 'Mittal Traders', '666-066-6661', '8687 Birch Ln, Kalaburagi'),
(167, 'Bedi Enterprises', '777-177-7772', '8889 Pine Rd, Mandya'),
(168, 'Suri Imports', '888-288-8883', '9091 Cedar Ln, Shimoga'),
(169, 'Malhotra Wholesalers', '999-399-9994', '9293 Redwood Blvd, Tumkur'),
(170, 'Chopra Traders', '000-500-0006', '9495 Sequoia Ln, Gadag'),
(171, 'Mann Enterprises', '111-611-1117', '9697 Aspen Rd, Mysore'),
(172, 'Rastogi Supplies', '222-722-2228', '9899 Willow Ln, Bijapur'),
(173, 'Saxena Traders', '333-833-3339', '1010 Cypress Blvd, Tumkur'),
(174, 'Puri Exports', '444-944-4450', '1212 Maple Ln, Bellary'),
(175, 'Malik Imports', '555-055-5551', '1313 Birch Rd, Raichur'),
(176, 'Singhal Distributors', '666-166-6662', '1515 Pine Blvd, Hassan'),
(177, 'Soni Enterprises', '777-277-7773', '1717 Cedar Ln, Shimoga'),
(178, 'Kohli Traders', '888-388-8884', '1919 Redwood Rd, Mandya'),
(179, 'Mehra Supplies', '999-499-9995', '2021 Sequoia Ln, Kolar'),
(180, 'Bakshi Imports', '000-600-0007', '2223 Aspen Blvd, Davangere'),
(181, 'Talwar Traders', '111-711-1118', '2425 Willow Ln, Mysore'),
(182, 'Sodhi Enterprises', '222-822-2229', '2627 Cypress Rd, Bellary'),
(183, 'Gill Supplies', '333-933-3330', '2829 Maple Ln, Bijapur'),
(184, 'Sethi Imports', '444-044-4441', '3031 Birch Blvd, Tumkur'),
(185, 'Dewan Distributors', '555-155-5552', '3233 Pine Ln, Gadag'),
(186, 'Khanna Exports', '666-266-6663', '3435 Cedar Rd, Shimoga'),
(187, 'Sandhu Supplies', '777-377-7774', '3637 Redwood Ln, Mandya'),
(188, 'Chawla Imports', '888-488-8885', '3839 Sequoia Blvd, Kolar'),
(189, 'Kalra Traders', '999-599-9996', '4041 Aspen Rd, Tumkur'),
(190, 'Mahajan Enterprises', '000-700-0008', '4243 Willow Ln, Raichur'),
(191, 'Mathur Supplies', '111-811-1119', '4445 Cypress Blvd, Mysore'),
(192, 'Nanda Traders', '222-922-2230', '4647 Maple Ln, Mandya'),
(193, 'Vohra Exports', '333-033-3331', '4849 Birch Rd, Tumkur'),
(194, 'Randhawa Imports', '444-144-4442', '5051 Pine Blvd, Shimoga'),
(195, 'Gulati Distributors', '555-255-5553', '5253 Cedar Ln, Mandya'),
(196, 'Sangha Enterprises', '666-366-6664', '5455 Redwood Rd, Gadag'),
(197, 'Khosla Supplies', '777-477-7775', '5657 Sequoia Ln, Mysore'),
(198, 'Malik Imports', '888-588-8886', '5859 Aspen Blvd, Bidar'),
(199, 'Mehta Traders', '999-699-9997', '6061 Willow Ln, Tumkur'),
(200, 'Chadha Enterprises', '000-800-0009', '6263 Cypress Rd, Bellary');

select * from Products; 
INSERT INTO Categories (CategoryID, CategoryName, Description) VALUES
 (101, 'Apparel', 'Clothing and accessories'),
 (102, 'Footwear', 'Shoes, sandals, and other types of footwear'),
 (103, 'Accessories', 'Items such as hats, scarves, belts, and jewelry'),
 (104, 'Electronics', 'Devices like smartphones, tablets, and laptops'),
 (105, 'Home Appliances', 'Household electronic devices'),
 (106, 'Furniture', 'Home and office furniture'),
 (107, 'Toys', 'Children\'s toys and games'),
 (108, 'Books', 'Printed and digital books'),
 (109, 'Sports Equipment', 'Gear for various sports and activities'),
 (110, 'Beauty Products', 'Cosmetics and skincare items'),
 (111, 'Groceries', 'Food and household supplies'),
 (112, 'Automotive', 'Car parts and accessories'),
 (113, 'Garden Supplies', 'Tools and accessories for gardening'),
 (114, 'Pet Supplies', 'Products for pets'),
 (115, 'Office Supplies', 'Stationery and office equipment'),
 (116, 'Health Products', 'Medical supplies and health-related items'),
 (117, 'Music Instruments', 'Various musical instruments and accessories'),
 (118, 'Craft Supplies', 'Materials for crafting and DIY projects'),
 (119, 'Kitchenware', 'Utensils and gadgets for the kitchen'),
 (120, 'Lighting', 'Indoor and outdoor lighting solutions'),
 (121, 'Cleaning Supplies', 'Products for cleaning and maintenance'),
 (122, 'Baby Products', 'Items for babies and toddlers'),
 (123, 'Outdoor Gear', 'Equipment for outdoor activities'),
 (124, 'Travel Accessories', 'Items for travel and vacations'),
 (125, 'Hardware', 'Tools and building materials'),
 (126, 'Fitness Equipment', 'Exercise machines and accessories'),
 (127, 'Personal Care', 'Grooming and hygiene products'),
 (128, 'Bedding', 'Bedsheets, pillows, and other bedding items'),
 (129, 'Art Supplies', 'Materials for drawing, painting, and other art forms'),
 (130, 'Lighting', 'Indoor and outdoor lighting solutions'),
 (131, 'Gardening', 'Tools and accessories for gardening'),
 (132, 'Pet Food', 'Food products for pets'),
 (133, 'Stationery', 'Paper products and writing instruments'),
 (134, 'Medical Supplies', 'Products for medical use'),
 (135, 'Instruments', 'Various musical instruments and accessories'),
 (136, 'Crafting', 'Materials for crafting and DIY projects'),
 (137, 'Cookware', 'Pots, pans, and other cooking vessels'),
 (138, 'Home Decor', 'Items for decorating homes'),
 (139, 'Storage Solutions', 'Containers and organizers for storage'),
 (140, 'Laundry Supplies', 'Products for washing and drying clothes'),
 (141, 'Baby Gear', 'Items for babies and toddlers'),
 (142, 'Camping Gear', 'Equipment for camping and outdoor adventures'),
 (143, 'Luggage', 'Bags and suitcases for travel'),
 (144, 'Construction', 'Building materials and tools'),
 (145, 'Exercise Equipment', 'Machines and accessories for fitness'),
 (146, 'Grooming', 'Personal grooming products'),
 (147, 'Bedroom Furniture', 'Furniture for bedrooms'),
 (148, 'Office Furniture', 'Furniture for offices'),
 (149, 'Art Tools', 'Tools for creating art'),
 (150, 'Electrical Supplies', 'Electrical equipment and accessories'),
 (151, 'Power Tools', 'Electric and battery-powered tools'),
 (152, 'Hand Tools', 'Manual tools for various tasks'),
 (153, 'Plumbing Supplies', 'Materials for plumbing work'),
 (154, 'Outdoor Furniture', 'Furniture for outdoor spaces'),
 (155, 'Patio Furniture', 'Furniture for patios'),
 (156, 'BBQ Equipment', 'Grills and accessories for barbecuing'),
 (157, 'Winter Gear', 'Clothing and accessories for winter'),
 (158, 'Summer Gear', 'Clothing and accessories for summer'),
 (159, 'School Supplies', 'Items needed for school'),
 (160, 'Safety Equipment', 'Products for personal and workplace safety'),
 (161, 'Office Electronics', 'Electronic devices for office use'),
 (162, 'Mobile Accessories', 'Accessories for mobile phones'),
 (163, 'Camera Equipment', 'Cameras and related accessories'),
 (164, 'Gaming', 'Consoles, games, and accessories'),
 (165, 'Networking', 'Network devices and accessories'),
 (166, 'Wearable Tech', 'Smartwatches and fitness trackers'),
 (167, 'Smart Home', 'Smart home devices and accessories'),
 (168, 'Eco-friendly Products', 'Environmentally friendly products'),
 (169, 'Luxury Goods', 'High-end luxury items'),
 (170, 'Collectibles', 'Items for collecting'),
 (171, 'Vintage Items', 'Vintage and antique items'),
 (172, 'Handmade Items', 'Handcrafted products'),
 (173, 'Custom Products', 'Customizable items'),
 (174, 'Subscription Boxes', 'Monthly subscription boxes'),
 (175, 'Gourmet Foods', 'High-quality and specialty foods'),
 (176, 'Beverages', 'Drinks and drink accessories'),
 (177, 'Frozen Foods', 'Frozen food products'),
 (178, 'Snacks', 'Various snack foods'),
 (179, 'Dairy Products', 'Milk, cheese, and other dairy items'),
 (180, 'Bakery Items', 'Bread, cakes, and other baked goods'),
 (181, 'Meat Products', 'Fresh and processed meat items'),
 (182, 'Seafood', 'Fresh and processed seafood items'),
 (183, 'Vegetables', 'Fresh vegetables'),
 (184, 'Fruits', 'Fresh fruits'),
 (185, 'Organic Foods', 'Organic food products'),
 (186, 'Health Foods', 'Health and wellness food products'),
 (187, 'Baby Food', 'Food products for babies'),
 (188, 'Canned Foods', 'Canned food items'),
 (189, 'Condiments', 'Spices, sauces, and other condiments'),
 (190, 'Grains', 'Rice, wheat, and other grains'),
 (191, 'Pasta', 'Various types of pasta'),
 (192, 'Baking Supplies', 'Ingredients for baking'),
 (193, 'Cooking Oils', 'Various types of cooking oils'),
 (194, 'Herbs & Spices', 'Fresh and dried herbs and spices'),
 (195, 'Pet Care', 'Products for pet care'),
 (196, 'Aquarium Supplies', 'Products for aquariums'),
 (198, 'Reptile Supplies', 'Products for reptiles'),
 (199, 'Fish Supplies', 'Products for fish'),
 (200, 'Small Pet Supplies', 'Products for small pets like hamsters and guinea pigs');
select * from Categories;
select * from Suppliers;
select * from Customers;
select * from Orders;
select * from Suppliers;

